"起始点 (格式: lat,lon)","终止点 (格式: lat,lon)","途经点 (格式: lat,lon;lat,lon;...)",output,timestamp
"31.3385, 121.5020","31.3389, 121.5025","31.3384, 121.5019; 31.3387, 121.5018; 31.3384, 121.5023","'<div style=""width:100%;""><div style=""position:relative;width:100%;height:0;padding-bottom:60%;""><span style=""color:#565656"">Make this Notebook Trusted to load map: File -> Trust Notebook</span><iframe srcdoc=""&lt;!DOCTYPE html&gt;
&lt;html&gt;
&lt;head&gt;
    
    &lt;meta http-equiv=&quot;content-type&quot; content=&quot;text/html; charset=UTF-8&quot; /&gt;
    
        &lt;script&gt;
            L_NO_TOUCH = false;
            L_DISABLE_3D = false;
        &lt;/script&gt;
    
    &lt;style&gt;html, body {width: 100%;height: 100%;margin: 0;padding: 0;}&lt;/style&gt;
    &lt;style&gt;#map {position:absolute;top:0;bottom:0;right:0;left:0;}&lt;/style&gt;
    &lt;script src=&quot;https://cdn.jsdelivr.net/npm/leaflet@1.9.3/dist/leaflet.js&quot;&gt;&lt;/script&gt;
    &lt;script src=&quot;https://code.jquery.com/jquery-3.7.1.min.js&quot;&gt;&lt;/script&gt;
    &lt;script src=&quot;https://cdn.jsdelivr.net/npm/bootstrap@5.2.2/dist/js/bootstrap.bundle.min.js&quot;&gt;&lt;/script&gt;
    &lt;script src=&quot;https://cdnjs.cloudflare.com/ajax/libs/Leaflet.awesome-markers/2.0.2/leaflet.awesome-markers.js&quot;&gt;&lt;/script&gt;
    &lt;link rel=&quot;stylesheet&quot; href=&quot;https://cdn.jsdelivr.net/npm/leaflet@1.9.3/dist/leaflet.css&quot;/&gt;
    &lt;link rel=&quot;stylesheet&quot; href=&quot;https://cdn.jsdelivr.net/npm/bootstrap@5.2.2/dist/css/bootstrap.min.css&quot;/&gt;
    &lt;link rel=&quot;stylesheet&quot; href=&quot;https://netdna.bootstrapcdn.com/bootstrap/3.0.0/css/bootstrap-glyphicons.css&quot;/&gt;
    &lt;link rel=&quot;stylesheet&quot; href=&quot;https://cdn.jsdelivr.net/npm/@fortawesome/fontawesome-free@6.2.0/css/all.min.css&quot;/&gt;
    &lt;link rel=&quot;stylesheet&quot; href=&quot;https://cdnjs.cloudflare.com/ajax/libs/Leaflet.awesome-markers/2.0.2/leaflet.awesome-markers.css&quot;/&gt;
    &lt;link rel=&quot;stylesheet&quot; href=&quot;https://cdn.jsdelivr.net/gh/python-visualization/folium/folium/templates/leaflet.awesome.rotate.min.css&quot;/&gt;
    
            &lt;meta name=&quot;viewport&quot; content=&quot;width=device-width,
                initial-scale=1.0, maximum-scale=1.0, user-scalable=no&quot; /&gt;
            &lt;style&gt;
                #map_88bd9dbe28cdf1fc997ff4f376ebd3de {
                    position: relative;
                    width: 100.0%;
                    height: 100.0%;
                    left: 0.0%;
                    top: 0.0%;
                }
                .leaflet-container { font-size: 1rem; }
            &lt;/style&gt;
        
&lt;/head&gt;
&lt;body&gt;
    
    
            &lt;div class=&quot;folium-map&quot; id=&quot;map_88bd9dbe28cdf1fc997ff4f376ebd3de&quot; &gt;&lt;/div&gt;
        
&lt;/body&gt;
&lt;script&gt;
    
    
            var map_88bd9dbe28cdf1fc997ff4f376ebd3de = L.map(
                &quot;map_88bd9dbe28cdf1fc997ff4f376ebd3de&quot;,
                {
                    center: [31.3385, 121.502],
                    crs: L.CRS.EPSG3857,
                    zoom: 18,
                    zoomControl: true,
                    preferCanvas: false,
                }
            );

            

        
    
            var tile_layer_4f88960020ce086cdd184120bdebf9f3 = L.tileLayer(
                &quot;https://tile.openstreetmap.org/{z}/{x}/{y}.png&quot;,
                {&quot;attribution&quot;: &quot;\u0026copy; \u003ca href=\&quot;https://www.openstreetmap.org/copyright\&quot;\u003eOpenStreetMap\u003c/a\u003e contributors&quot;, &quot;detectRetina&quot;: false, &quot;maxNativeZoom&quot;: 19, &quot;maxZoom&quot;: 19, &quot;minZoom&quot;: 0, &quot;noWrap&quot;: false, &quot;opacity&quot;: 1, &quot;subdomains&quot;: &quot;abc&quot;, &quot;tms&quot;: false}
            );
        
    
            tile_layer_4f88960020ce086cdd184120bdebf9f3.addTo(map_88bd9dbe28cdf1fc997ff4f376ebd3de);
        
    
            var poly_line_10bebc92b627af8e8e605d2c5a2a924b = L.polyline(
                [[31.3385, 121.502], [31.3387, 121.5018], [31.3384, 121.5019], [31.3384, 121.5023], [31.3389, 121.5025]],
                {&quot;bubblingMouseEvents&quot;: true, &quot;color&quot;: &quot;blue&quot;, &quot;dashArray&quot;: null, &quot;dashOffset&quot;: null, &quot;fill&quot;: false, &quot;fillColor&quot;: &quot;blue&quot;, &quot;fillOpacity&quot;: 0.2, &quot;fillRule&quot;: &quot;evenodd&quot;, &quot;lineCap&quot;: &quot;round&quot;, &quot;lineJoin&quot;: &quot;round&quot;, &quot;noClip&quot;: false, &quot;opacity&quot;: 1.0, &quot;smoothFactor&quot;: 1.0, &quot;stroke&quot;: true, &quot;weight&quot;: 3}
            ).addTo(map_88bd9dbe28cdf1fc997ff4f376ebd3de);
        
    
            var marker_4a64dde6bdfec6c4dd7655d959ed0940 = L.marker(
                [31.3385, 121.502],
                {}
            ).addTo(map_88bd9dbe28cdf1fc997ff4f376ebd3de);
        
    
            var icon_f627b71ae9a1c4693acd42735c4f221e = L.AwesomeMarkers.icon(
                {&quot;extraClasses&quot;: &quot;fa-rotate-0&quot;, &quot;icon&quot;: &quot;info-sign&quot;, &quot;iconColor&quot;: &quot;white&quot;, &quot;markerColor&quot;: &quot;green&quot;, &quot;prefix&quot;: &quot;glyphicon&quot;}
            );
            marker_4a64dde6bdfec6c4dd7655d959ed0940.setIcon(icon_f627b71ae9a1c4693acd42735c4f221e);
        
    
        var popup_a02c58633aa8cfd400aefb4352f3b2eb = L.popup({&quot;maxWidth&quot;: &quot;100%&quot;});

        
            
                var html_ee0f2102c5e452f8f33bb7b2c0ab9d52 = $(`&lt;div id=&quot;html_ee0f2102c5e452f8f33bb7b2c0ab9d52&quot; style=&quot;width: 100.0%; height: 100.0%;&quot;&gt;起始点&lt;/div&gt;`)[0];
                popup_a02c58633aa8cfd400aefb4352f3b2eb.setContent(html_ee0f2102c5e452f8f33bb7b2c0ab9d52);
            
        

        marker_4a64dde6bdfec6c4dd7655d959ed0940.bindPopup(popup_a02c58633aa8cfd400aefb4352f3b2eb)
        ;

        
    
    
            var marker_0f44b2347dcaac38925ae040fc04e97f = L.marker(
                [31.3389, 121.5025],
                {}
            ).addTo(map_88bd9dbe28cdf1fc997ff4f376ebd3de);
        
    
            var icon_1a7417c5a53fe809670a25de0cbba0fb = L.AwesomeMarkers.icon(
                {&quot;extraClasses&quot;: &quot;fa-rotate-0&quot;, &quot;icon&quot;: &quot;info-sign&quot;, &quot;iconColor&quot;: &quot;white&quot;, &quot;markerColor&quot;: &quot;red&quot;, &quot;prefix&quot;: &quot;glyphicon&quot;}
            );
            marker_0f44b2347dcaac38925ae040fc04e97f.setIcon(icon_1a7417c5a53fe809670a25de0cbba0fb);
        
    
        var popup_6bb8f5b5befce14cf86369a09affe713 = L.popup({&quot;maxWidth&quot;: &quot;100%&quot;});

        
            
                var html_9fb172e0f86214aa3db80cea5afb0d76 = $(`&lt;div id=&quot;html_9fb172e0f86214aa3db80cea5afb0d76&quot; style=&quot;width: 100.0%; height: 100.0%;&quot;&gt;终止点&lt;/div&gt;`)[0];
                popup_6bb8f5b5befce14cf86369a09affe713.setContent(html_9fb172e0f86214aa3db80cea5afb0d76);
            
        

        marker_0f44b2347dcaac38925ae040fc04e97f.bindPopup(popup_6bb8f5b5befce14cf86369a09affe713)
        ;

        
    
    
            var marker_387271e57f0ebe50d3a25fae28c6b483 = L.marker(
                [31.3384, 121.5019],
                {}
            ).addTo(map_88bd9dbe28cdf1fc997ff4f376ebd3de);
        
    
            var icon_8a7e6af31f18bd505771805b4ee1bac0 = L.AwesomeMarkers.icon(
                {&quot;extraClasses&quot;: &quot;fa-rotate-0&quot;, &quot;icon&quot;: &quot;info-sign&quot;, &quot;iconColor&quot;: &quot;white&quot;, &quot;markerColor&quot;: &quot;orange&quot;, &quot;prefix&quot;: &quot;glyphicon&quot;}
            );
            marker_387271e57f0ebe50d3a25fae28c6b483.setIcon(icon_8a7e6af31f18bd505771805b4ee1bac0);
        
    
        var popup_780664a2b9bd332f75cb0f336b7d8b3e = L.popup({&quot;maxWidth&quot;: &quot;100%&quot;});

        
            
                var html_b74de0d5df33efdc16d3ab3a4ef5c406 = $(`&lt;div id=&quot;html_b74de0d5df33efdc16d3ab3a4ef5c406&quot; style=&quot;width: 100.0%; height: 100.0%;&quot;&gt;途经点&lt;/div&gt;`)[0];
                popup_780664a2b9bd332f75cb0f336b7d8b3e.setContent(html_b74de0d5df33efdc16d3ab3a4ef5c406);
            
        

        marker_387271e57f0ebe50d3a25fae28c6b483.bindPopup(popup_780664a2b9bd332f75cb0f336b7d8b3e)
        ;

        
    
    
            var marker_570732e532f1ec66e132943f22c39e12 = L.marker(
                [31.3387, 121.5018],
                {}
            ).addTo(map_88bd9dbe28cdf1fc997ff4f376ebd3de);
        
    
            var icon_f88b6cdf6bcb75b49b89dd43babcfb5a = L.AwesomeMarkers.icon(
                {&quot;extraClasses&quot;: &quot;fa-rotate-0&quot;, &quot;icon&quot;: &quot;info-sign&quot;, &quot;iconColor&quot;: &quot;white&quot;, &quot;markerColor&quot;: &quot;orange&quot;, &quot;prefix&quot;: &quot;glyphicon&quot;}
            );
            marker_570732e532f1ec66e132943f22c39e12.setIcon(icon_f88b6cdf6bcb75b49b89dd43babcfb5a);
        
    
        var popup_43266646b20d8029b1add0f3f633e716 = L.popup({&quot;maxWidth&quot;: &quot;100%&quot;});

        
            
                var html_bc1e762ca0ff9bc449d485a1a2ed0699 = $(`&lt;div id=&quot;html_bc1e762ca0ff9bc449d485a1a2ed0699&quot; style=&quot;width: 100.0%; height: 100.0%;&quot;&gt;途经点&lt;/div&gt;`)[0];
                popup_43266646b20d8029b1add0f3f633e716.setContent(html_bc1e762ca0ff9bc449d485a1a2ed0699);
            
        

        marker_570732e532f1ec66e132943f22c39e12.bindPopup(popup_43266646b20d8029b1add0f3f633e716)
        ;

        
    
    
            var marker_28e722c4ed3c970388c76beda9ab64cf = L.marker(
                [31.3384, 121.5023],
                {}
            ).addTo(map_88bd9dbe28cdf1fc997ff4f376ebd3de);
        
    
            var icon_43fa9fdf779e43a76e0398b2f2bd71e8 = L.AwesomeMarkers.icon(
                {&quot;extraClasses&quot;: &quot;fa-rotate-0&quot;, &quot;icon&quot;: &quot;info-sign&quot;, &quot;iconColor&quot;: &quot;white&quot;, &quot;markerColor&quot;: &quot;orange&quot;, &quot;prefix&quot;: &quot;glyphicon&quot;}
            );
            marker_28e722c4ed3c970388c76beda9ab64cf.setIcon(icon_43fa9fdf779e43a76e0398b2f2bd71e8);
        
    
        var popup_169743f55a428997b21014c465d1cadd = L.popup({&quot;maxWidth&quot;: &quot;100%&quot;});

        
            
                var html_e9a07c10d4a16de7a692d11a94583639 = $(`&lt;div id=&quot;html_e9a07c10d4a16de7a692d11a94583639&quot; style=&quot;width: 100.0%; height: 100.0%;&quot;&gt;途经点&lt;/div&gt;`)[0];
                popup_169743f55a428997b21014c465d1cadd.setContent(html_e9a07c10d4a16de7a692d11a94583639);
            
        

        marker_28e722c4ed3c970388c76beda9ab64cf.bindPopup(popup_169743f55a428997b21014c465d1cadd)
        ;

        
    
&lt;/script&gt;
&lt;/html&gt;"" style=""position:absolute;width:100%;height:100%;left:0;top:0;border:none !important;"" allowfullscreen webkitallowfullscreen mozallowfullscreen></iframe></div></div>",2024-11-05 16:50:08.117260
